노선,구간,계,startpoint,endpoint,startpoint_coor,endpoint_coor
경부선,건천~영천JCT,101498,건천,영천JCT,"(35.8500143, 129.1024209)","(35.97329149999999, 128.9385493)"
경부선,경산~동대구JCT,149684,경산,동대구JCT,"(35.8250555, 128.7415441)","(35.879667, 128.628476)"
경부선,경주~건천,101272,경주,건천,"(35.8561719, 129.2247477)","(35.8500143, 129.1024209)"
경부선,구미~김천JCT,143988,구미,김천JCT,"(36.119485, 128.3445734)","(36.1398393, 128.1135947)"
경부선,구서~노포,143024,구서,노포,"(35.247305, 129.091325)","(35.283594, 129.094817)"
경부선,금강~옥천,79326,금강,옥천,"(36, 126.6666667)","(36.30636459999999, 127.5712809)"
경부선,금토JCT~양재,363742,금토JCT,양재,"(0, 0)","(37.4731977, 127.0381702)"
경부선,금호JCT~칠곡물류,209648,금호JCT,칠곡물류,"(0, 0)","(35.9568674, 128.4550672)"
경부선,기흥~수원신갈,423992,기흥,수원신갈,"(37.2801554, 127.114659)","(37.2662959, 127.1039379)"
경부선,김천JCT~동김천,81836,김천JCT,동김천,"(36.1398393, 128.1135947)","(36.1398393, 128.1135947)"
경부선,김천~추풍령,78192,김천,추풍령,"(36.1398393, 128.1135947)","(36.2066667, 128.005)"
경부선,남구미~구미,159880,남구미,구미,"(0, 0)","(36.119485, 128.3445734)"
경부선,남이JCT~청주,161680,남이JCT,청주,"(0, 0)","(36.6424341, 127.4890319)"
경부선,남청주~청주JCT,215024,남청주,청주JCT,"(36.608156, 127.479386)","(36.6424341, 127.4890319)"
경부선,노포JCT~양산JCT,173812,노포JCT,양산JCT,"(0, 0)","(0, 0)"
경부선,노포~노포JCT,133634,노포,노포JCT,"(35.283594, 129.094817)","(0, 0)"
경부선,대전~회덕JCT,175834,대전,회덕JCT,"(36.3504119, 127.3845475)","(0, 0)"
경부선,도동JCT~북대구,264182,도동JCT,북대구,"(0, 0)","(0, 0)"
경부선,동김천~김천,72902,동김천,김천,"(36.1398393, 128.1135947)","(36.1398393, 128.1135947)"
경부선,동대구JCT~도동JCT,219060,동대구JCT,도동JCT,"(35.879667, 128.628476)","(0, 0)"
경부선,동탄JCT~기흥,319198,동탄JCT,기흥,"(0, 0)","(37.2801554, 127.114659)"
경부선,목천~천안JCT,170722,목천,천안JCT,"(36.7849846, 127.2346789)","(36.815129, 127.1138939)"
경부선,북대구~금호JCT,289954,북대구,금호JCT,"(0, 0)","(0, 0)"
경부선,북천안~안성,314880,북천안,안성,"(36.8983657, 127.1836803)","(37.0079695, 127.2796786)"
경부선,비룡JCT~대전,149134,비룡JCT,대전,"(0, 0)","(36.3504119, 127.3845475)"
경부선,서울산~언양JCT,117170,서울산,언양JCT,"(37.566535, 126.9779692)","(35.5694214, 129.1257675)"
경부선,수원신갈~신갈JCT,395600,수원신갈,신갈JCT,"(37.2662959, 127.1039379)","(0, 0)"
경부선,신갈JCT~판교JCT,402452,신갈JCT,판교JCT,"(0, 0)","(0, 0)"
경부선,신탄진~남청주,220012,신탄진,남청주,"(36.4516785, 127.4290125)","(36.608156, 127.479386)"
경부선,안성JCT~오산,333246,안성JCT,오산,"(37.0079695, 127.2796786)","(37.1498096, 127.0772212)"
경부선,안성~안성JCT,376880,안성,안성JCT,"(37.0079695, 127.2796786)","(37.0079695, 127.2796786)"
경부선,양산JCT~양산,178036,양산JCT,양산,"(0, 0)","(35.3350072, 129.0371689)"
경부선,양산~통도사하이패스,142384,양산,통도사하이패스,"(35.3350072, 129.0371689)","(0, 0)"
경부선,언양JCT~활천,98846,언양JCT,활천,"(35.5694214, 129.1257675)","(0, 0)"
경부선,영동~금강,76214,영동,금강,"(36.1750231, 127.7834302)","(36, 126.6666667)"
경부선,영천JCT~영천,61302,영천JCT,영천,"(35.97329149999999, 128.9385493)","(35.97329149999999, 128.9385493)"
경부선,영천~경산,95556,영천,경산,"(35.97329149999999, 128.9385493)","(35.8250555, 128.7415441)"
경부선,오산~동탄JCT,339944,오산,동탄JCT,"(37.1498096, 127.0772212)","(0, 0)"
경부선,옥산JCT~목천,183698,옥산JCT,목천,"(0, 0)","(36.7849846, 127.2346789)"
경부선,옥산하이패스~옥산JCT,177228,옥산하이패스,옥산JCT,"(0, 0)","(0, 0)"
경부선,옥천~비룡JCT,101170,옥천,비룡JCT,"(36.30636459999999, 127.5712809)","(0, 0)"
경부선,왜관~남구미,175912,왜관,남구미,"(35.989043, 128.3977049)","(0, 0)"
경부선,천안JCT~천안,297114,천안JCT,천안,"(36.815129, 127.1138939)","(36.815129, 127.1138939)"
경부선,천안~북천안,360140,천안,북천안,"(36.815129, 127.1138939)","(36.8983657, 127.1836803)"
경부선,청주JCT~남이JCT,250900,청주JCT,남이JCT,"(36.6424341, 127.4890319)","(0, 0)"
경부선,청주~옥산하이패스,196676,청주,옥산하이패스,"(36.6424341, 127.4890319)","(0, 0)"
경부선,추풍령~황간,67844,추풍령,황간,"(36.2066667, 128.005)","(36.228494, 127.9105787)"
경부선,칠곡물류~왜관,215432,칠곡물류,왜관,"(35.9568674, 128.4550672)","(35.989043, 128.3977049)"
경부선,통도사~서울산,130610,통도사,서울산,"(35.4879256, 129.0642562)","(37.566535, 126.9779692)"
경부선,통도사하이패스~통도사,136704,통도사하이패스,통도사,"(0, 0)","(35.4879256, 129.0642562)"
경부선,판교JCT~금토JCT,303820,판교JCT,금토JCT,"(0, 0)","(0, 0)"
경부선,활천~경주,91204,활천,경주,"(0, 0)","(35.8561719, 129.2247477)"
경부선,황간~영동,69504,황간,영동,"(36.228494, 127.9105787)","(36.1750231, 127.7834302)"
경부선,회덕JCT~신탄진,205800,회덕JCT,신탄진,"(0, 0)","(36.4516785, 127.4290125)"
경인선,부천~신월,325934,부천,신월,"(37.5034138, 126.7660309)","(0, 0)"
경인선,부평~서운JCT,302362,부평,서운JCT,"(37.5069818, 126.7217739)","(0, 0)"
경인선,서운JCT~부천,319790,서운JCT,부천,"(0, 0)","(37.5034138, 126.7660309)"
경인선,서인천~부평,370002,서인천,부평,"(37.56056239999999, 126.6761873)","(37.5069818, 126.7217739)"
고창담양선,고창JCT~남고창,31862,고창JCT,남고창,"(35.4358216, 126.7020806)","(0, 0)"
고창담양선,남고창~장성물류,40366,남고창,장성물류,"(0, 0)","(0, 0)"
고창담양선,담양JCT~대덕JCT,22828,담양JCT,대덕JCT,"(35.3211394, 126.9881673)","(0, 0)"
고창담양선,북광주~담양JCT,37378,북광주,담양JCT,"(35.1599745, 126.9101315)","(35.3211394, 126.9881673)"
고창담양선,장성JCT~북광주,27222,장성JCT,북광주,"(0, 0)","(35.1599745, 126.9101315)"
고창담양선,장성물류~장성JCT,39404,장성물류,장성JCT,"(0, 0)","(0, 0)"
광주대구선,가조~해인사,38440,가조,해인사,"(35.7109815, 128.0147371)","(35.8011781, 128.098098)"
광주대구선,거창~가조,36614,거창,가조,"(35.6867229, 127.9095155)","(35.7109815, 128.0147371)"
광주대구선,고령JCT~옥포JCT,68532,고령JCT,옥포JCT,"(35.7261415, 128.262953)","(0, 0)"
광주대구선,고령~동고령,42440,고령,동고령,"(35.7261415, 128.262953)","(35.7261415, 128.262953)"
광주대구선,고서JCT~담양JCT,36820,고서JCT,담양JCT,"(0, 0)","(35.3211394, 126.9881673)"
광주대구선,남원JCT~남원,26820,남원JCT,남원,"(35.416357, 127.3904877)","(35.416357, 127.3904877)"
광주대구선,남원~동남원,24850,남원,동남원,"(35.416357, 127.3904877)","(0, 0)"
광주대구선,담양JCT~담양,44202,담양JCT,담양,"(35.3211394, 126.9881673)","(35.3211394, 126.9881673)"
광주대구선,담양~순창,33766,담양,순창,"(35.3211394, 126.9881673)","(35.3744136, 127.1375968)"
광주대구선,동고령~고령JCT,69888,동고령,고령JCT,"(35.7261415, 128.262953)","(35.7261415, 128.262953)"
광주대구선,동남원~지리산,24498,동남원,지리산,"(0, 0)","(35.3369444, 127.7305555)"
광주대구선,순창~남원JCT,31318,순창,남원JCT,"(35.3744136, 127.1375968)","(35.416357, 127.3904877)"
광주대구선,지리산~함양,22618,지리산,함양,"(35.3369444, 127.7305555)","(35.52046139999999, 127.7251763)"
광주대구선,함양JCT~거창,27400,함양JCT,거창,"(35.52046139999999, 127.7251763)","(35.6867229, 127.9095155)"
광주대구선,함양~함양JCT,30542,함양,함양JCT,"(35.52046139999999, 127.7251763)","(35.52046139999999, 127.7251763)"
광주대구선,해인사~고령,44740,해인사,고령,"(35.8011781, 128.098098)","(35.7261415, 128.262953)"
남해선,곤양~축동,79106,곤양,축동,"(35.0575111, 127.9596724)","(0, 0)"
남해선,광양~동광양,65188,광양,동광양,"(34.9406968, 127.6958882)","(34.93605, 127.699311)"
남해선,군북~장지,135368,군북,장지,"(35.2616616, 128.3450256)","(0, 0)"
남해선,김해JCT~대저JCT,120304,김해JCT,대저JCT,"(35.2285451, 128.8893517)","(0, 0)"
남해선,냉정JCT~서김해,118926,냉정JCT,서김해,"(0, 0)","(35.2285451, 128.8893517)"
남해선,대저JCT~부산,130734,대저JCT,부산,"(0, 0)","(35.1795543, 129.0756416)"
남해선,동광양~옥곡,53820,동광양,옥곡,"(34.93605, 127.699311)","(34.98945399999999, 127.6989272)"
남해선,동김해~김해JCT,186824,동김해,김해JCT,"(35.2249627, 128.9063505)","(35.2285451, 128.8893517)"
남해선,동창원~진영JCT,179436,동창원,진영JCT,"(35.2958218, 128.6744378)","(0, 0)"
남해선,문산~진성,126414,문산,진성,"(37.8530229, 126.7842319)","(0, 0)"
남해선,북창원~창원JCT,137678,북창원,창원JCT,"(0, 0)","(0, 0)"
남해선,사천~진주JCT,118738,사천,진주JCT,"(35.0037788, 128.064185)","(0, 0)"
남해선,산인JCT~칠원JCT,105136,산인JCT,칠원JCT,"(0, 0)","(0, 0)"
남해선,서김해~동김해,138842,서김해,동김해,"(35.2285451, 128.8893517)","(35.2249627, 128.9063505)"
남해선,서순천~순천,57270,서순천,순천,"(0, 0)","(34.950637, 127.4872135)"
남해선,순천JCT~광양,44432,순천JCT,광양,"(34.950637, 127.4872135)","(34.9406968, 127.6958882)"
남해선,순천~순천JCT,38886,순천,순천JCT,"(34.950637, 127.4872135)","(34.950637, 127.4872135)"
남해선,옥곡~진월,57958,옥곡,진월,"(34.98945399999999, 127.6989272)","(35.1156196, 126.8992257)"
남해선,장지~함안,160078,장지,함안,"(0, 0)","(35.2725591, 128.4064797)"
남해선,지수~군북,125992,지수,군북,"(0, 0)","(35.2616616, 128.3450256)"
남해선,진교~곤양,92258,진교,곤양,"(0, 0)","(35.0575111, 127.9596724)"
남해선,진례JCT~냉정JCT,167368,진례JCT,냉정JCT,"(35.2490716, 128.747734)","(0, 0)"
남해선,진례~진례JCT,182662,진례,진례JCT,"(35.2490716, 128.747734)","(35.2490716, 128.747734)"
남해선,진성~지수,126560,진성,지수,"(0, 0)","(0, 0)"
남해선,진영JCT~진례,172916,진영JCT,진례,"(0, 0)","(35.2490716, 128.747734)"
남해선,진월~하동,57126,진월,하동,"(35.1156196, 126.8992257)","(35.0672108, 127.7512687)"
남해선,진주JCT~진주,138072,진주JCT,진주,"(0, 0)","(35.1799817, 128.1076213)"
남해선,진주~문산,105210,진주,문산,"(35.1799817, 128.1076213)","(37.8530229, 126.7842319)"
남해선,창원JCT~동창원,224204,창원JCT,동창원,"(0, 0)","(35.2958218, 128.6744378)"
남해선,축동~사천,94254,축동,사천,"(0, 0)","(35.0037788, 128.064185)"
남해선,칠원JCT~북창원,135532,칠원JCT,북창원,"(0, 0)","(0, 0)"
남해선,하동~진교,77544,하동,진교,"(35.0672108, 127.7512687)","(0, 0)"
남해선,함안~산인JCT,168296,함안,산인JCT,"(35.2725591, 128.4064797)","(0, 0)"
남해선(영암순천),강진무위사~장흥,17254,강진무위사,장흥,"(34.7388087, 126.6867287)","(34.6816856, 126.9069278)"
남해선(영암순천),고흥~순천만(남순천),45808,고흥,순천만(남순천),"(34.6112219, 127.284978)","(34.885971, 127.5090298)"
남해선(영암순천),벌교~고흥,26772,벌교,고흥,"(34.8475775, 127.3416)","(34.6112219, 127.284978)"
남해선(영암순천),보성~벌교,33054,보성,벌교,"(34.7714563, 127.0798944)","(34.8475775, 127.3416)"
남해선(영암순천),서영암~서호학산,25676,서영암,서호학산,"(0, 0)","(0, 0)"
남해선(영암순천),서호학산~강진무위사,20632,서호학산,강진무위사,"(0, 0)","(34.7388087, 126.6867287)"
남해선(영암순천),순천만~도롱,47712,순천만,도롱,"(34.885971, 127.5090298)","(0, 0)"
남해선(영암순천),장흥~보성,19068,장흥,보성,"(34.6816856, 126.9069278)","(34.7714563, 127.0798944)"
남해제1지선,내서JCT~서마산,105964,내서JCT,서마산,"(0, 0)","(0, 0)"
남해제1지선,동마산~창원JCT,85188,동마산,창원JCT,"(35.213516, 128.581433)","(0, 0)"
남해제1지선,산인JCT~내서JCT,67924,산인JCT,내서JCT,"(0, 0)","(0, 0)"
남해제1지선,서마산~동마산,114272,서마산,동마산,"(0, 0)","(35.213516, 128.581433)"
남해제2지선,가락~서부산,181196,가락,서부산,"(0, 0)","(35.1723539, 128.8727419)"
남해제2지선,냉정JCT~장유,124708,냉정JCT,장유,"(0, 0)","(0, 0)"
남해제2지선,서부산~사상,240612,서부산,사상,"(35.1723539, 128.8727419)","(35.1526399, 128.9908173)"
남해제2지선,장유~가락,122424,장유,가락,"(0, 0)","(0, 0)"
당진대전선,고덕~예산수덕사,40144,고덕,예산수덕사,"(37.555051, 127.15411)","(36.66294269999999, 126.6225853)"
당진대전선,공주JCT~공주,56088,공주JCT,공주,"(0, 0)","(36.4465346, 127.1191534)"
당진대전선,공주~서세종,69878,공주,서세종,"(36.4465346, 127.1191534)","(0, 0)"
당진대전선,남세종~유성JCT,81628,남세종,유성JCT,"(0, 0)","(0, 0)"
당진대전선,당진JCT~면천,38790,당진JCT,면천,"(36.8936109, 126.6283278)","(36.8175631, 126.6669741)"
당진대전선,마곡사~서공주JCT,58742,마곡사,서공주JCT,"(36.5585432, 127.0120353)","(0, 0)"
당진대전선,면천~고덕,41086,면천,고덕,"(36.8175631, 126.6669741)","(37.555051, 127.15411)"
당진대전선,서공주JCT~공주JCT,89214,서공주JCT,공주JCT,"(0, 0)","(0, 0)"
당진대전선,서세종~남세종,70134,서세종,남세종,"(0, 0)","(0, 0)"
당진대전선,신양~유구,48530,신양,유구,"(32.1471399, 114.09279)","(0, 0)"
당진대전선,예산수덕사~신양,49886,예산수덕사,신양,"(36.66294269999999, 126.6225853)","(32.1471399, 114.09279)"
당진대전선,유구~마곡사,55988,유구,마곡사,"(0, 0)","(36.5585432, 127.0120353)"
대전남부순환선,서대전JCT~서대전,83414,서대전JCT,서대전,"(36.322517, 127.403933)","(36.322517, 127.403933)"
대전남부순환선,서대전~안영,79862,서대전,안영,"(36.322517, 127.403933)","(0, 0)"
대전남부순환선,안영~산내JCT,60060,안영,산내JCT,"(0, 0)","(0, 0)"
동해선,강릉JCT~북강릉,35794,강릉JCT,북강릉,"(37.751853, 128.8760574)","(37.8350642, 128.8145053)"
동해선,강릉~강릉JCT,63358,강릉,강릉JCT,"(37.751853, 128.8760574)","(37.751853, 128.8760574)"
동해선,근덕~삼척,15398,근덕,삼척,"(37.3792207, 129.2258038)","(37.4498683, 129.1652059)"
동해선,남강릉~강릉,38512,남강릉,강릉,"(37.751853, 128.8760574)","(37.751853, 128.8760574)"
동해선,남양양~하조대,36560,남양양,하조대,"(0, 0)","(38.0210854, 128.7356837)"
동해선,동해~망상,42026,동해,망상,"(37.5247192, 129.1142915)","(0, 0)"
동해선,망상~옥계,50444,망상,옥계,"(0, 0)","(37.6126866, 129.0379266)"
동해선,북강릉~남양양,32646,북강릉,남양양,"(37.8350642, 128.8145053)","(0, 0)"
동해선,북양양~속초,22260,북양양,속초,"(0, 0)","(38.2070148, 128.5918488)"
동해선,삼척~동해,24312,삼척,동해,"(37.4498683, 129.1652059)","(37.5247192, 129.1142915)"
동해선,양양~북양양,37014,양양,북양양,"(38.0753925, 128.6188503)","(0, 0)"
동해선,옥계~남강릉,46494,옥계,남강릉,"(37.6126866, 129.0379266)","(37.751853, 128.8760574)"
동해선,하조대~양양JCT,32528,하조대,양양JCT,"(38.0210854, 128.7356837)","(38.0753925, 128.6188503)"
무안광주선,나주~서광산,70750,나주,서광산,"(35.0160601, 126.7107572)","(35.1183816, 126.7324468)"
무안광주선,동함평~문평,68070,동함평,문평,"(35.0659399, 126.5165524)","(0, 0)"
무안광주선,무안공항~북무안,4756,무안공항,북무안,"(34.99045419999999, 126.4816856)","(34.99045419999999, 126.4816856)"
무안광주선,문평~나주,67038,문평,나주,"(0, 0)","(35.0160601, 126.7107572)"
무안광주선,북무안~함평JCT,15008,북무안,함평JCT,"(34.99045419999999, 126.4816856)","(35.0659399, 126.5165524)"
무안광주선,서광산~운수,81744,서광산,운수,"(35.1183816, 126.7324468)","(0, 0)"
무안광주선,함평JCT~동함평,50624,함평JCT,동함평,"(35.0659399, 126.5165524)","(35.0659399, 126.5165524)"
부산외곽순환선,광재~대감JCT,95346,광재,대감JCT,"(0, 0)","(0, 0)"
부산외곽순환선,금정~기장철마,106174,금정,기장철마,"(37.372237, 126.9434895)","(35.2750154, 129.149806)"
부산외곽순환선,기장철마~기장JCT,104684,기장철마,기장JCT,"(35.2750154, 129.149806)","(0, 0)"
부산외곽순환선,김해가야하이패스~노포JCT,114940,김해가야하이패스,노포JCT,"(35.2285451, 128.8893517)","(0, 0)"
부산외곽순환선,노포JCT~금정,104004,노포JCT,금정,"(0, 0)","(37.372237, 126.9434895)"
부산외곽순환선,대감JCT~김해가야하이패스,118364,대감JCT,김해가야하이패스,"(0, 0)","(35.2285451, 128.8893517)"
부산외곽순환선,진영JCT~진영,59506,진영JCT,진영,"(0, 0)","(0, 0)"
부산외곽순환선,진영~한림,67546,진영,한림,"(0, 0)","(33.4103985, 126.2671535)"
부산외곽순환선,한림~광재,75042,한림,광재,"(33.4103985, 126.2671535)","(0, 0)"
부산울산선,기장JCT~장안,84030,기장JCT,장안,"(0, 0)","(0, 0)"
부산울산선,동부산~해운대,92546,동부산,해운대,"(0, 0)","(35.1631139, 129.1635509)"
부산울산선,문수~울산JCT,63280,문수,울산JCT,"(0, 0)","(35.5383773, 129.3113596)"
부산울산선,시점~동부산,91768,시점,동부산,"(0, 0)","(0, 0)"
부산울산선,온양~청량,90200,온양,청량,"(36.7871303, 126.9995727)","(0, 0)"
부산울산선,장안~온양,99338,장안,온양,"(0, 0)","(36.7871303, 126.9995727)"
부산울산선,청량~문수,60650,청량,문수,"(0, 0)","(0, 0)"
부산울산선,해운대~기장JCT,101186,해운대,기장JCT,"(35.1631139, 129.1635509)","(0, 0)"
새만금포항선(대구포항),도동JCT~청통와촌,78172,도동JCT,청통와촌,"(0, 0)","(0, 0)"
새만금포항선(대구포항),북영천~임고하이패스,68148,북영천,임고하이패스,"(35.9714865, 128.9133601)","(0, 0)"
새만금포항선(대구포항),서포항~포항,60380,서포항,포항,"(36.0190178, 129.3434808)","(36.0190178, 129.3434808)"
새만금포항선(대구포항),임고하이패스~서포항,59304,임고하이패스,서포항,"(0, 0)","(36.0190178, 129.3434808)"
새만금포항선(대구포항),청통와촌~화산JCT,57888,청통와촌,화산JCT,"(0, 0)","(0, 0)"
새만금포항선(대구포항),팔공산~도동JCT,63728,팔공산,도동JCT,"(36.016944, 128.695)","(0, 0)"
새만금포항선(대구포항),화산JCT~북영천,71932,화산JCT,북영천,"(0, 0)","(35.9714865, 128.9133601)"
새만금포항선(완주장수),소양~진안,28994,소양,진안,"(0, 0)","(35.7917297, 127.4248356)"
새만금포항선(완주장수),완주JCT~소양,25704,완주JCT,소양,"(35.891275, 127.253895)","(0, 0)"
새만금포항선(완주장수),완주~완주JCT,69164,완주,완주JCT,"(35.891275, 127.253895)","(35.891275, 127.253895)"
새만금포항선(완주장수),익산JCT~완주,62914,익산JCT,완주,"(35.9482858, 126.9575991)","(35.891275, 127.253895)"
새만금포항선(완주장수),장수~장수JCT,26590,장수,장수JCT,"(35.6472767, 127.5211363)","(0, 0)"
새만금포항선(완주장수),진안~장수,28734,진안,장수,"(35.7917297, 127.4248356)","(35.6472767, 127.5211363)"
서울양양선,강일JCT~선동,375480,강일JCT,선동,"(0, 0)","(35.2693998, 129.1122271)"
서울양양선,강촌~남춘천,92044,강촌,남춘천,"(37.81829, 127.63478)","(37.864071, 127.723761)"
서울양양선,남춘천~조양,52158,남춘천,조양,"(37.864071, 127.723761)","(0, 0)"
서울양양선,내촌~인제,54354,내촌,인제,"(37.786196, 127.2285701)","(38.0694675, 128.1706991)"
서울양양선,덕소삼패~화도,172164,덕소삼패,화도,"(0, 0)","(34.9506422, 126.162005)"
서울양양선,동홍천~내촌,60000,동홍천,내촌,"(37.6969518, 127.8886827)","(37.786196, 127.2285701)"
서울양양선,미사~덕소삼패,187330,미사,덕소삼패,"(0, 0)","(0, 0)"
서울양양선,서양양~양양JCT,52088,서양양,양양JCT,"(0, 0)","(38.0753925, 128.6188503)"
서울양양선,서종~설악,125014,서종,설악,"(37.6065603, 127.3486933)","(38.1195504, 128.4655581)"
서울양양선,선동~미사,297460,선동,미사,"(35.2693998, 129.1122271)","(0, 0)"
서울양양선,설악~강촌,95264,설악,강촌,"(38.1195504, 128.4655581)","(37.81829, 127.63478)"
서울양양선,인제~서양양,51572,인제,서양양,"(38.0694675, 128.1706991)","(0, 0)"
서울양양선,조양~춘천JCT,71642,조양,춘천JCT,"(0, 0)","(37.8813153, 127.7299707)"
서울양양선,춘천JCT~동홍천,64212,춘천JCT,동홍천,"(37.8813153, 127.7299707)","(37.6969518, 127.8886827)"
서울양양선,화도~서종,119128,화도,서종,"(34.9506422, 126.162005)","(37.6065603, 127.3486933)"
서천공주선,동서천JCT~서부여,42172,동서천JCT,서부여,"(0, 0)","(36.2398593, 126.7900794)"
서천공주선,동서천~동서천JCT,5784,동서천,동서천JCT,"(36.0425497, 126.7851961)","(0, 0)"
서천공주선,부여~청양,38874,부여,청양,"(36.2754406, 126.910178)","(36.4588326, 126.8022116)"
서천공주선,서공주~서공주JCT,41552,서공주,서공주JCT,"(0, 0)","(0, 0)"
서천공주선,서부여~부여,33684,서부여,부여,"(36.2398593, 126.7900794)","(36.2754406, 126.910178)"
서천공주선,청양~서공주,39234,청양,서공주,"(36.4588326, 126.8022116)","(0, 0)"
서해안선,고창JCT~고창,50292,고창JCT,고창,"(35.4358216, 126.7020806)","(35.4358216, 126.7020806)"
서해안선,고창~선운산,53540,고창,선운산,"(35.4358216, 126.7020806)","(35.508056, 126.571111)"
서해안선,광명역~일직JCT,263032,광명역,일직JCT,"(37.416522, 126.884789)","(0, 0)"
서해안선,광천~홍성,68070,광천,홍성,"(36.501827, 126.622563)","(36.60123, 126.6607764)"
서해안선,군산~동서천JCT,67674,군산,동서천JCT,"(35.9676772, 126.7366293)","(0, 0)"
서해안선,당진JCT~당진,149084,당진JCT,당진,"(36.8936109, 126.6283278)","(36.8936109, 126.6283278)"
서해안선,당진~송악,142500,당진,송악,"(36.8936109, 126.6283278)","(0, 0)"
서해안선,대천~광천,61434,대천,광천,"(36.3055967, 126.5160485)","(36.501827, 126.622563)"
서해안선,동군산~군산,44080,동군산,군산,"(35.9773651, 126.7370947)","(35.9676772, 126.7366293)"
서해안선,동서천JCT~서천,59348,동서천JCT,서천,"(0, 0)","(36.0803312, 126.6913277)"
서해안선,매송~팔곡JCT,214508,매송,팔곡JCT,"(37.2522929, 126.9090751)","(0, 0)"
서해안선,목감~광명역,315746,목감,광명역,"(37.3845831, 126.8572641)","(37.416522, 126.884789)"
서해안선,무안~함평JCT,70504,무안,함평JCT,"(34.99045419999999, 126.4816856)","(35.0659399, 126.5165524)"
서해안선,무창포~대천,55500,무창포,대천,"(36.2450766, 126.536437)","(36.3055967, 126.5160485)"
서해안선,발안~비봉,175196,발안,비봉,"(0, 0)","(37.6255556, 126.9527778)"
서해안선,부안~서김제,56640,부안,서김제,"(35.73156609999999, 126.7334651)","(0, 0)"
서해안선,비봉~매송,222022,비봉,매송,"(37.6255556, 126.9527778)","(37.2522929, 126.9090751)"
서해안선,서김제~동군산,64932,서김제,동군산,"(0, 0)","(35.9773651, 126.7370947)"
서해안선,서산~당진JCT,116120,서산,당진JCT,"(36.7844993, 126.4503169)","(36.8936109, 126.6283278)"
서해안선,서천~춘장대,56342,서천,춘장대,"(36.0803312, 126.6913277)","(36.1639195, 126.5230793)"
서해안선,서평택JCT~발안,186704,서평택JCT,발안,"(0, 0)","(0, 0)"
서해안선,서평택~서평택JCT,208494,서평택,서평택JCT,"(0, 0)","(0, 0)"
서해안선,선운산~줄포,57930,선운산,줄포,"(35.508056, 126.571111)","(35.5903088, 126.6776172)"
서해안선,소하JCT~금천,207564,소하JCT,금천,"(0, 0)","(37.4518527, 126.9020358)"
서해안선,송악~서평택,178658,송악,서평택,"(0, 0)","(0, 0)"
서해안선,안산JCT~조남JCT,377578,안산JCT,조남JCT,"(0, 0)","(0, 0)"
서해안선,영광~고창JCT,32432,영광,고창JCT,"(35.2771719, 126.5119874)","(35.4358216, 126.7020806)"
서해안선,일로~무안,68136,일로,무안,"(34.848392, 126.477746)","(34.99045419999999, 126.4816856)"
서해안선,일직JCT~소하JCT,221516,일직JCT,소하JCT,"(0, 0)","(0, 0)"
서해안선,조남JCT~목감,208438,조남JCT,목감,"(0, 0)","(37.3845831, 126.8572641)"
서해안선,죽림~일로,51790,죽림,일로,"(0, 0)","(34.848392, 126.477746)"
서해안선,줄포~부안,51944,줄포,부안,"(35.5903088, 126.6776172)","(35.73156609999999, 126.7334651)"
서해안선,춘장대~무창포,56318,춘장대,무창포,"(36.1639195, 126.5230793)","(36.2450766, 126.536437)"
서해안선,팔곡JCT~안산JCT,202292,팔곡JCT,안산JCT,"(0, 0)","(0, 0)"
서해안선,함평JCT~함평,31736,함평JCT,함평,"(35.0659399, 126.5165524)","(35.0659399, 126.5165524)"
서해안선,함평~영광,25120,함평,영광,"(35.0659399, 126.5165524)","(35.2771719, 126.5119874)"
서해안선,해미~서산,69976,해미,서산,"(36.7136394, 126.5449139)","(36.7844993, 126.4503169)"
서해안선,홍성~해미,75950,홍성,해미,"(36.60123, 126.6607764)","(36.7136394, 126.5449139)"
세종포천선(구리중랑),남구리~중랑,104798,남구리,중랑,"(0, 0)","(37.6065602, 127.0926519)"
세종포천선(구리중랑),남별내~동의정부,125844,남별내,동의정부,"(0, 0)","(0, 0)"
세종포천선(구리중랑),동의정부~민락,127764,동의정부,민락,"(0, 0)","(37.7456617, 127.1088409)"
세종포천선(구리중랑),민락~소흘,112824,민락,소흘,"(37.7456617, 127.1088409)","(37.8233334, 127.1385288)"
세종포천선(구리중랑),선단~포천,70060,선단,포천,"(0, 0)","(37.8949148, 127.2003551)"
세종포천선(구리중랑),소흘JCT~선단,93570,소흘JCT,선단,"(37.8233334, 127.1385288)","(0, 0)"
세종포천선(구리중랑),소흘~소흘JCT,99156,소흘,소흘JCT,"(37.8233334, 127.1385288)","(37.8233334, 127.1385288)"
세종포천선(구리중랑),중랑~남별내,136112,중랑,남별내,"(37.6065602, 127.0926519)","(0, 0)"
세종포천선(구리중랑),포천~신북,44420,포천,신북,"(37.8949148, 127.2003551)","(37.9338393, 127.2264838)"
세종포천선(양주지선),소흘JCT~옥정,23668,소흘JCT,옥정,"(37.8233334, 127.1385288)","(0, 0)"
세종포천선(양주지선),옥정~양주,20384,옥정,양주,"(0, 0)","(37.7852875, 127.0458453)"
수도권제1순환선,강일~토평,280200,강일,토평,"(37.557471, 127.17571)","(37.5782765, 127.1490031)"
수도권제1순환선,계양~서운JCT,424152,계양,서운JCT,"(37.53695039999999, 126.7377435)","(0, 0)"
수도권제1순환선,구리~퇴계원,322884,구리,퇴계원,"(0, 0)","(37.6493095, 127.1446338)"
수도권제1순환선,김포~노오지JCT,379026,김포,노오지JCT,"(37.6152464, 126.7156325)","(37.5699471, 126.7536302)"
수도권제1순환선,남양주~구리,333504,남양주,구리,"(37.6360028, 127.2165279)","(0, 0)"
수도권제1순환선,노오지JCT~계양,341028,노오지JCT,계양,"(37.5699471, 126.7536302)","(37.53695039999999, 126.7377435)"
수도권제1순환선,도리JCT~조남JCT,324982,도리JCT,조남JCT,"(0, 0)","(0, 0)"
수도권제1순환선,산본~평촌,272548,산본,평촌,"(37.3594144, 126.9207863)","(37.3884646, 126.9640705)"
수도권제1순환선,상일~강일,479762,상일,강일,"(35.7873778, 127.9155118)","(37.557471, 127.17571)"
수도권제1순환선,서운JCT~중동,506980,서운JCT,중동,"(0, 0)","(29.2985278, 42.5509603)"
수도권제1순환선,서하남~하남JCT,349664,서하남,하남JCT,"(37.5126834, 127.1522041)","(0, 0)"
수도권제1순환선,성남~송파,350980,성남,송파,"(37.4449168, 127.1388684)","(37.5145437, 127.1065971)"
수도권제1순환선,송내~장수,461646,송내,장수,"(37.4820996, 126.765089)","(35.6472767, 127.5211363)"
수도권제1순환선,송파~서하남,405032,송파,서하남,"(37.5145437, 127.1065971)","(37.5126834, 127.1522041)"
수도권제1순환선,시흥~안현JCT,305240,시흥,안현JCT,"(37.3798877, 126.8031025)","(0, 0)"
수도권제1순환선,안현JCT~도리JCT,285768,안현JCT,도리JCT,"(0, 0)","(0, 0)"
수도권제1순환선,일산~자유로JCT,378064,일산,자유로JCT,"(37.6783756, 126.7711774)","(0, 0)"
수도권제1순환선,자유로JCT~김포,403480,자유로JCT,김포,"(0, 0)","(37.6152464, 126.7156325)"
수도권제1순환선,장수~시흥,311542,장수,시흥,"(35.6472767, 127.5211363)","(37.3798877, 126.8031025)"
수도권제1순환선,조남JCT~산본,309002,조남JCT,산본,"(0, 0)","(37.3594144, 126.9207863)"
수도권제1순환선,중동~송내,422008,중동,송내,"(29.2985278, 42.5509603)","(37.4820996, 126.765089)"
수도권제1순환선,토평~남양주,376230,토평,남양주,"(37.5782765, 127.1490031)","(37.6360028, 127.2165279)"
수도권제1순환선,판교JCT~성남,418028,판교JCT,성남,"(0, 0)","(37.4449168, 127.1388684)"
수도권제1순환선,평촌~학의JCT,306862,평촌,학의JCT,"(37.3884646, 126.9640705)","(0, 0)"
수도권제1순환선,하남JCT~상일,447038,하남JCT,상일,"(0, 0)","(35.7873778, 127.9155118)"
수도권제1순환선,학의JCT~판교JCT,317416,학의JCT,판교JCT,"(0, 0)","(0, 0)"
순천완주선,구례화엄사~서남원,49488,구례화엄사,서남원,"(35.2554378, 127.4972485)","(0, 0)"
순천완주선,남원JCT~북남원,39842,남원JCT,북남원,"(35.416357, 127.3904877)","(0, 0)"
순천완주선,동순천~순천JCT,28400,동순천,순천JCT,"(34.9457465, 127.5032664)","(34.950637, 127.4872135)"
순천완주선,동전주~완주JCT,47704,동전주,완주JCT,"(0, 0)","(35.891275, 127.253895)"
순천완주선,북남원~오수,46796,북남원,오수,"(0, 0)","(35.5430163, 127.3205302)"
순천완주선,상관~동전주,43288,상관,동전주,"(0, 0)","(0, 0)"
순천완주선,서남원~남원JCT,48174,서남원,남원JCT,"(0, 0)","(35.416357, 127.3904877)"
순천완주선,순천JCT~황전,45926,순천JCT,황전,"(34.950637, 127.4872135)","(35.1013809, 127.4270625)"
순천완주선,오수~임실,54540,오수,임실,"(35.5430163, 127.3205302)","(35.6110549, 127.2826599)"
순천완주선,임실~상관,50532,임실,상관,"(35.6110549, 127.2826599)","(0, 0)"
순천완주선,황전~구례화엄사,41048,황전,구례화엄사,"(35.1013809, 127.4270625)","(35.2554378, 127.4972485)"
영동선,군자JCT~서안산,203584,군자JCT,서안산,"(0, 0)","(37.3218778, 126.8308848)"
영동선,군포~동군포,270890,군포,동군포,"(37.3616703, 126.9351741)","(37.3616703, 126.9351741)"
영동선,대관령~강릉JCT,59218,대관령,강릉JCT,"(37.6871367, 128.7605707)","(37.751853, 128.8760574)"
영동선,덕평~호법JCT,214806,덕평,호법JCT,"(37.2412764, 127.3901886)","(0, 0)"
영동선,동군포~부곡,334544,동군포,부곡,"(37.3616703, 126.9351741)","(37.3319506, 126.8610432)"
영동선,동둔내하이패스~면온,63490,동둔내하이패스,면온,"(0, 0)","(0, 0)"
영동선,동수원~신갈JCT,279482,동수원,신갈JCT,"(37.2498703, 127.033568)","(0, 0)"
영동선,둔내~동둔내하이패스,62966,둔내,동둔내하이패스,"(37.5121905, 128.2187748)","(0, 0)"
영동선,둔대JCT~군포,261154,둔대JCT,군포,"(0, 0)","(37.3616703, 126.9351741)"
영동선,마성~용인,287976,마성,용인,"(0, 0)","(37.2410864, 127.1775537)"
영동선,만종JCT~원주JCT,45122,만종JCT,원주JCT,"(0, 0)","(37.3422186, 127.9201621)"
영동선,면온~평창,68192,면온,평창,"(0, 0)","(37.370474, 128.3899769)"
영동선,문막~만종JCT,71372,문막,만종JCT,"(37.312596, 127.8172289)","(0, 0)"
영동선,부곡~북수원,275488,부곡,북수원,"(37.3319506, 126.8610432)","(37.3188708, 126.9902808)"
영동선,북수원~동수원,286088,북수원,동수원,"(37.3188708, 126.9902808)","(37.2498703, 127.033568)"
영동선,새말~둔내,69368,새말,둔내,"(37.748869, 127.063785)","(37.5121905, 128.2187748)"
영동선,서안산~안산,257686,서안산,안산,"(37.3218778, 126.8308848)","(37.3218778, 126.8308848)"
영동선,서창JCT~월곶JCT,274594,서창JCT,월곶JCT,"(0, 0)","(0, 0)"
영동선,속사~진부,59698,속사,진부,"(0, 0)","(37.642816, 128.574451)"
영동선,신갈JCT~마성,301226,신갈JCT,마성,"(0, 0)","(0, 0)"
영동선,안산JCT~둔대JCT,245104,안산JCT,둔대JCT,"(0, 0)","(0, 0)"
영동선,안산~안산JCT,224438,안산,안산JCT,"(37.3218778, 126.8308848)","(0, 0)"
영동선,양지~덕평,213528,양지,덕평,"(0, 0)","(37.2412764, 127.3901886)"
영동선,여주JCT~여주,101390,여주JCT,여주,"(0, 0)","(37.2980237, 127.6371628)"
영동선,여주~문막,74682,여주,문막,"(37.2980237, 127.6371628)","(37.312596, 127.8172289)"
영동선,용인~양지,251846,용인,양지,"(37.2410864, 127.1775537)","(0, 0)"
영동선,원주JCT~원주,81278,원주JCT,원주,"(37.3422186, 127.9201621)","(37.3422186, 127.9201621)"
영동선,원주~새말,79076,원주,새말,"(37.3422186, 127.9201621)","(37.748869, 127.063785)"
영동선,월곶JCT~군자JCT,186708,월곶JCT,군자JCT,"(0, 0)","(0, 0)"
영동선,이천~여주JCT,214680,이천,여주JCT,"(37.2719952, 127.4348221)","(0, 0)"
영동선,진부~대관령,56864,진부,대관령,"(37.642816, 128.574451)","(37.6871367, 128.7605707)"
영동선,평창~속사,61182,평창,속사,"(37.370474, 128.3899769)","(0, 0)"
영동선,호법JCT~이천,230752,호법JCT,이천,"(0, 0)","(37.2719952, 127.4348221)"
울산선,언양JCT~울산JCT,92438,언양JCT,울산JCT,"(35.5694214, 129.1257675)","(35.5383773, 129.3113596)"
울산선,울산JCT~종점,96854,울산JCT,종점,"(35.5383773, 129.3113596)","(0, 0)"
울산포항선,남경주~동경주,40162,남경주,동경주,"(0, 0)","(35.7820511, 129.4243189)"
울산포항선,동경주~남포항,37588,동경주,남포항,"(35.7820511, 129.4243189)","(38.7213889, 125.4105556)"
울산포항선,범서~남경주,42104,범서,남경주,"(35.5690514, 129.2300426)","(0, 0)"
울산포항선,울산JCT~범서,44208,울산JCT,범서,"(35.5383773, 129.3113596)","(35.5690514, 129.2300426)"
제2경인선,광명~일직JCT,250114,광명,일직JCT,"(37.4784878, 126.8642888)","(0, 0)"
제2경인선,남동~서창JCT,428146,남동,서창JCT,"(37.4469893, 126.7319416)","(0, 0)"
제2경인선,문학~남동,250674,문학,남동,"(0, 0)","(37.4469893, 126.7319416)"
제2경인선,서창JCT~신천,165908,서창JCT,신천,"(0, 0)","(35.8730511, 128.6231546)"
제2경인선,신천~안현JCT,234300,신천,안현JCT,"(35.8730511, 128.6231546)","(0, 0)"
제2경인선,안현JCT~광명,252788,안현JCT,광명,"(0, 0)","(37.4784878, 126.8642888)"
제2경인선,인천시점~학익JCT,127868,인천시점,학익JCT,"(37.4562557, 126.7052062)","(37.4398736, 126.6523969)"
제2경인선,일직JCT~석수,272982,일직JCT,석수,"(0, 0)","(37.435161, 126.902233)"
제2경인선,학익JCT~문학,158682,학익JCT,문학,"(37.4398736, 126.6523969)","(0, 0)"
제2중부선,경기광주JCT~산곡JCT,148700,경기광주JCT,산곡JCT,"(37.4171413, 127.2561413)","(0, 0)"
제2중부선,마장JCT~경기광주JCT,105796,마장JCT,경기광주JCT,"(0, 0)","(37.4171413, 127.2561413)"
중부내륙선,감곡~여주JCT,139078,감곡,여주JCT,"(37.1123672, 127.6435304)","(0, 0)"
중부내륙선,고령JCT~남성주,62542,고령JCT,남성주,"(35.7261415, 128.262953)","(0, 0)"
중부내륙선,괴산~충주,95714,괴산,충주,"(36.815669, 127.7865791)","(36.9910113, 127.9259497)"
중부내륙선,김천JCT~선산,106962,김천JCT,선산,"(36.1398393, 128.1135947)","(36.2429169, 128.2989526)"
중부내륙선,낙동JCT~상주,102860,낙동JCT,상주,"(0, 0)","(36.4109466, 128.1590828)"
중부내륙선,남김천~김천JCT,53602,남김천,김천JCT,"(36.0589073, 128.2678599)","(36.1398393, 128.1135947)"
중부내륙선,남성주~성주,56314,남성주,성주,"(0, 0)","(35.9190079, 128.2829738)"
중부내륙선,남양평하이패스~양평,15930,남양평하이패스,양평,"(37.4912195, 127.4875607)","(37.4912195, 127.4875607)"
중부내륙선,남여주~서여주,26212,남여주,서여주,"(37.2274327, 127.6278346)","(0, 0)"
중부내륙선,남지~영산,93202,남지,영산,"(35.391328, 128.4841165)","(35.4287887, 129.14595)"
중부내륙선,내서JCT~칠원JCT,43542,내서JCT,칠원JCT,"(0, 0)","(0, 0)"
중부내륙선,문경새재~연풍,100148,문경새재,연풍,"(36.7590374, 128.0729759)","(36.76642160000001, 128.0006213)"
중부내륙선,북상주~점촌함창,93204,북상주,점촌함창,"(36.5305711, 128.169856)","(36.599361, 128.199097)"
중부내륙선,북여주~남양평하이패스,20296,북여주,남양평하이패스,"(0, 0)","(37.4912195, 127.4875607)"
중부내륙선,북충주~충주JCT,112320,북충주,충주JCT,"(36.9910113, 127.9259497)","(36.9910113, 127.9259497)"
중부내륙선,상주~북상주,96300,상주,북상주,"(36.4109466, 128.1590828)","(36.5305711, 128.169856)"
중부내륙선,서여주~북여주,30108,서여주,북여주,"(0, 0)","(0, 0)"
중부내륙선,선산~낙동JCT,108608,선산,낙동JCT,"(36.2429169, 128.2989526)","(0, 0)"
중부내륙선,성주~남김천,55978,성주,남김천,"(35.9190079, 128.2829738)","(36.0589073, 128.2678599)"
중부내륙선,여주JCT~남여주,37708,여주JCT,남여주,"(0, 0)","(37.2274327, 127.6278346)"
중부내륙선,연풍~괴산,97768,연풍,괴산,"(36.76642160000001, 128.0006213)","(36.815669, 127.7865791)"
중부내륙선,영산~창녕,93396,영산,창녕,"(35.4287887, 129.14595)","(35.5445563, 128.4922143)"
중부내륙선,점촌함창~문경새재,89510,점촌함창,문경새재,"(36.599361, 128.199097)","(36.7590374, 128.0729759)"
중부내륙선,창녕~현풍JCT,104156,창녕,현풍JCT,"(35.5445563, 128.4922143)","(0, 0)"
중부내륙선,충주JCT~감곡,123446,충주JCT,감곡,"(36.9910113, 127.9259497)","(37.1123672, 127.6435304)"
중부내륙선,충주~북충주,93558,충주,북충주,"(36.9910113, 127.9259497)","(36.9910113, 127.9259497)"
중부내륙선,칠서~남지,101104,칠서,남지,"(0, 0)","(35.391328, 128.4841165)"
중부내륙선,칠원JCT~칠서,121290,칠원JCT,칠서,"(0, 0)","(0, 0)"
중부내륙선,현풍JCT~고령JCT,60792,현풍JCT,고령JCT,"(0, 0)","(35.7261415, 128.262953)"
중부내륙선의지선,남대구~서대구,102522,남대구,서대구,"(0, 0)","(35.881484, 128.539954)"
중부내륙선의지선,달성~옥포JCT,97884,달성,옥포JCT,"(35.7746388, 128.4317137)","(0, 0)"
중부내륙선의지선,북현풍하이패스~달성,72546,북현풍하이패스,달성,"(0, 0)","(35.7746388, 128.4317137)"
중부내륙선의지선,서대구~금호JCT,253370,서대구,금호JCT,"(35.881484, 128.539954)","(0, 0)"
중부내륙선의지선,옥포JC~화원옥포,146916,옥포JC,화원옥포,"(35.792776, 128.4635432)","(35.800331, 128.4791804)"
중부내륙선의지선,유천하이패스~남대구,144382,유천하이패스,남대구,"(0, 0)","(0, 0)"
중부내륙선의지선,현풍JCT~북현풍하이패스,66462,현풍JCT,북현풍하이패스,"(0, 0)","(0, 0)"
중부내륙선의지선,화원옥포~유천하이패스,191496,화원옥포,유천하이패스,"(35.800331, 128.4791804)","(0, 0)"
중부선,경기광주JCT~경기광주,107340,경기광주JCT,경기광주,"(37.4171413, 127.2561413)","(37.4171413, 127.2561413)"
중부선,경기광주~산곡JCT,129926,경기광주,산곡JCT,"(37.4171413, 127.2561413)","(0, 0)"
중부선,곤지암~경기광주JCT,90214,곤지암,경기광주JCT,"(37.3487202, 127.3440759)","(37.4171413, 127.2561413)"
중부선,남이JCT~서청주,126474,남이JCT,서청주,"(0, 0)","(0, 0)"
중부선,남이천~호법JCT,149144,남이천,호법JCT,"(37.1848845, 127.4420854)","(0, 0)"
중부선,대소JCT~대소,112178,대소JCT,대소,"(0, 0)","(0, 0)"
중부선,대소~삼성하이패스,110098,대소,삼성하이패스,"(0, 0)","(0, 0)"
중부선,마장JCT~서이천,81304,마장JCT,서이천,"(0, 0)","(0, 0)"
중부선,산곡JCT~하남,238286,산곡JCT,하남,"(0, 0)","(37.5392646, 127.2148919)"
중부선,삼성하이패스~일죽,113276,삼성하이패스,일죽,"(0, 0)","(37.090591, 127.476994)"
중부선,서이천~곤지암,84164,서이천,곤지암,"(0, 0)","(37.3487202, 127.3440759)"
중부선,서청주~오창,144530,서청주,오창,"(0, 0)","(36.7422993, 127.4545528)"
중부선,오창JCT~증평,148000,오창JCT,증평,"(36.7422993, 127.4545528)","(36.7855019, 127.5816556)"
중부선,오창~오창JCT,128716,오창,오창JCT,"(36.7422993, 127.4545528)","(36.7422993, 127.4545528)"
중부선,일죽~남이천,129008,일죽,남이천,"(37.090591, 127.476994)","(37.1848845, 127.4420854)"
중부선,증평~진천,143904,증평,진천,"(36.7855019, 127.5816556)","(36.8553798, 127.4361117)"
중부선,진천~대소JCT,128660,진천,대소JCT,"(36.8553798, 127.4361117)","(0, 0)"
중부선,하남~하남JCT,299978,하남,하남JCT,"(37.5392646, 127.2148919)","(0, 0)"
중부선,호법JCT~마장JCT,173456,호법JCT,마장JCT,"(0, 0)","(0, 0)"
중앙선,가산~군위JCT,75996,가산,군위JCT,"(37.4758795, 126.8838298)","(36.2428355, 128.5727702)"
중앙선,군위JCT~군위,88766,군위JCT,군위,"(36.2428355, 128.5727702)","(36.2428355, 128.5727702)"
중앙선,군위~의성,80584,군위,의성,"(36.2428355, 128.5727702)","(36.3526576, 128.6970053)"
중앙선,금호JCT~칠곡,121402,금호JCT,칠곡,"(0, 0)","(35.9953059, 128.4015434)"
중앙선,남안동~서안동,45612,남안동,서안동,"(36.4751241, 128.6082702)","(36.5683543, 128.729357)"
중앙선,남원주~만종JCT,92596,남원주,만종JCT,"(0, 0)","(0, 0)"
중앙선,남제천~제천JCT,45294,남제천,제천JCT,"(0, 0)","(37.1325821, 128.1909481)"
중앙선,다부~가산,104636,다부,가산,"(0, 0)","(37.4758795, 126.8838298)"
중앙선,단양~북단양,38810,단양,북단양,"(36.9845473, 128.3655186)","(36.9845473, 128.3655186)"
중앙선,대감JCT~대동JCT,169566,대감JCT,대동JCT,"(0, 0)","(0, 0)"
중앙선,대저JCT~초정,146548,대저JCT,초정,"(0, 0)","(36.7172725, 127.6087002)"
중앙선,만종JCT~신평JCT,67326,만종JCT,신평JCT,"(0, 0)","(0, 0)"
중앙선,북단양~남제천,46088,북단양,남제천,"(36.9845473, 128.3655186)","(0, 0)"
중앙선,북원주~횡성,41174,북원주,횡성,"(37.3422186, 127.9201621)","(37.4917566, 127.9849295)"
중앙선,서안동~예천,31954,서안동,예천,"(36.5683543, 128.729357)","(36.6577004, 128.4528808)"
중앙선,시점~대저JCT,118948,시점,대저JCT,"(0, 0)","(0, 0)"
중앙선,신림~남원주,61320,신림,남원주,"(37.4626176, 126.9383251)","(0, 0)"
중앙선,신평JCT~북원주,44198,신평JCT,북원주,"(0, 0)","(37.3422186, 127.9201621)"
중앙선,안동JCT~남안동,64058,안동JCT,남안동,"(36.5683543, 128.729357)","(36.4751241, 128.6082702)"
중앙선,영주~풍기,30338,영주,풍기,"(36.8056858, 128.6240551)","(35.3727755, 126.860277)"
중앙선,예천~영주,40940,예천,영주,"(36.6577004, 128.4528808)","(36.8056858, 128.6240551)"
중앙선,의성~안동JCT,58948,의성,안동JCT,"(36.3526576, 128.6970053)","(36.5683543, 128.729357)"
중앙선,제천JCT~제천,33518,제천JCT,제천,"(37.1325821, 128.1909481)","(37.1325821, 128.1909481)"
중앙선,제천~신림,61588,제천,신림,"(37.1325821, 128.1909481)","(37.4626176, 126.9383251)"
중앙선,초정~대감JCT,198900,초정,대감JCT,"(36.7172725, 127.6087002)","(0, 0)"
중앙선,춘천JCT~춘천,74950,춘천JCT,춘천,"(37.8813153, 127.7299707)","(37.8813153, 127.7299707)"
중앙선,칠곡~다부,99512,칠곡,다부,"(35.9953059, 128.4015434)","(0, 0)"
중앙선,풍기~단양,44510,풍기,단양,"(35.3727755, 126.860277)","(36.9845473, 128.3655186)"
중앙선,홍천~춘천JCT,45522,홍천,춘천JCT,"(37.6969518, 127.8886827)","(37.8813153, 127.7299707)"
중앙선,횡성~홍천,38976,횡성,홍천,"(37.4917566, 127.9849295)","(37.6969518, 127.8886827)"
중앙선의지선,김해JCT~대동JCT,84296,김해JCT,대동JCT,"(35.2285451, 128.8893517)","(0, 0)"
중앙선의지선,남양산~양산JCT,157054,남양산,양산JCT,"(35.325387, 129.019466)","(0, 0)"
중앙선의지선,대동JCT~물금,197490,대동JCT,물금,"(0, 0)","(35.3112801, 128.9883633)"
중앙선의지선,물금~남양산,170482,물금,남양산,"(35.3112801, 128.9883633)","(35.325387, 129.019466)"
청주영덕선,남상주~낙동JCT,77990,남상주,낙동JCT,"(0, 0)","(0, 0)"
청주영덕선,동상주~서의성,18654,동상주,서의성,"(36.4109466, 128.1590828)","(36.3526576, 128.6970053)"
청주영덕선,동안동~청송,25282,동안동,청송,"(39.0024248, 125.7454653)","(36.4359045, 129.0571077)"
청주영덕선,동청송·영양~영덕,17070,동청송·영양,영덕,"(36.4981012, 129.1220708)","(36.41507989999999, 129.3659681)"
청주영덕선,문의~회인,81662,문의,회인,"(0, 0)","(0, 0)"
청주영덕선,보은~속리산,75172,보은,속리산,"(36.4894573, 127.7294827)","(36.533333, 127.9)"
청주영덕선,북의성~동안동,17138,북의성,동안동,"(0, 0)","(39.0024248, 125.7454653)"
청주영덕선,상주JCT~동상주,14214,상주JCT,동상주,"(36.4109466, 128.1590828)","(36.4109466, 128.1590828)"
청주영덕선,서의성~안동JCT,16032,서의성,안동JCT,"(36.3526576, 128.6970053)","(36.5683543, 128.729357)"
청주영덕선,속리산~화서,69202,속리산,화서,"(36.533333, 127.9)","(37.2828266, 126.9987271)"
청주영덕선,안동JCT~북의성,19572,안동JCT,북의성,"(36.5683543, 128.729357)","(0, 0)"
청주영덕선,청송~동청송·영양,18114,청송,동청송·영양,"(36.4359045, 129.0571077)","(36.4981012, 129.1220708)"
청주영덕선,청주JCT~문의,72540,청주JCT,문의,"(36.6424341, 127.4890319)","(0, 0)"
청주영덕선,화서~남상주,71488,화서,남상주,"(37.2828266, 126.9987271)","(0, 0)"
청주영덕선,회인~보은,75542,회인,보은,"(0, 0)","(36.4894573, 127.7294827)"
통영대전선,고성~연화산,36536,고성,연화산,"(38.3801292, 128.4674385)","(35.0733579, 128.2653035)"
통영대전선,금산~추부,50556,금산,추부,"(36.1086928, 127.4880712)","(36.1948535, 127.4760206)"
통영대전선,남대전~산내JCT,84910,남대전,산내JCT,"(36.3107358, 127.4275707)","(0, 0)"
통영대전선,단성~산청,48154,단성,산청,"(0, 0)","(35.4155885, 127.8734981)"
통영대전선,덕유산~무주,43988,덕유산,무주,"(35.860556, 127.746389)","(36.0068191, 127.6607805)"
통영대전선,동고성~고성,60098,동고성,고성,"(0, 0)","(38.3801292, 128.4674385)"
통영대전선,무주~금산,42270,무주,금산,"(36.0068191, 127.6607805)","(36.1086928, 127.4880712)"
통영대전선,북통영~동고성,52954,북통영,동고성,"(34.8544227, 128.433182)","(0, 0)"
통영대전선,산내JCT~판암,96182,산내JCT,판암,"(0, 0)","(36.3145058, 127.4643724)"
통영대전선,산청~생초,46554,산청,생초,"(35.4155885, 127.8734981)","(0, 0)"
통영대전선,생초~함양JCT,53202,생초,함양JCT,"(0, 0)","(35.52046139999999, 127.7251763)"
통영대전선,서상~장수JCT,55680,서상,장수JCT,"(0, 0)","(0, 0)"
통영대전선,서진주~단성,54496,서진주,단성,"(0, 0)","(0, 0)"
통영대전선,연화산~진주JCT,40158,연화산,진주JCT,"(35.0733579, 128.2653035)","(0, 0)"
통영대전선,장수JCT~덕유산,44142,장수JCT,덕유산,"(0, 0)","(35.860556, 127.746389)"
통영대전선,지곡~서상,52166,지곡,서상,"(36.0238804, 129.3218404)","(0, 0)"
통영대전선,진주JCT~서진주,65934,진주JCT,서진주,"(0, 0)","(0, 0)"
통영대전선,추부~남대전,61980,추부,남대전,"(36.1948535, 127.4760206)","(36.3107358, 127.4275707)"
통영대전선,통영~북통영,41830,통영,북통영,"(34.8544227, 128.433182)","(34.8544227, 128.433182)"
통영대전선,판암~비룡JCT,100052,판암,비룡JCT,"(36.3145058, 127.4643724)","(0, 0)"
통영대전선,함양JCT~지곡,55392,함양JCT,지곡,"(35.52046139999999, 127.7251763)","(36.0238804, 129.3218404)"
평택제천선,금왕 꽃동네~음성,75354,금왕 꽃동네,음성,"(0, 0)","(0, 0)"
평택제천선,남안성~북진천,98970,남안성,북진천,"(36.9763893, 127.2434047)","(36.9455912, 127.4506078)"
평택제천선,노은JCT~동충주,49822,노은JCT,동충주,"(0, 0)","(36.9910113, 127.9259497)"
평택제천선,대소JCT~금왕 꽃동네,81842,대소JCT,금왕 꽃동네,"(0, 0)","(0, 0)"
평택제천선,동충주~제천JCT,37056,동충주,제천JCT,"(36.9910113, 127.9259497)","(37.1325821, 128.1909481)"
평택제천선,북진천~대소JCT,63936,북진천,대소JCT,"(36.9455912, 127.4506078)","(0, 0)"
평택제천선,서안성~남안성,109442,서안성,남안성,"(37.0336864, 127.1598279)","(36.9763893, 127.2434047)"
평택제천선,서충주~충주JCT,54470,서충주,충주JCT,"(36.9884683, 127.832222)","(36.9910113, 127.9259497)"
평택제천선,서평택JCT~청북,148346,서평택JCT,청북,"(0, 0)","(37.0397644, 126.934234)"
평택제천선,송탄~안성JCT,136484,송탄,안성JCT,"(37.0841853, 127.0514265)","(37.0079695, 127.2796786)"
평택제천선,안성JCT~서안성,146124,안성JCT,서안성,"(37.0079695, 127.2796786)","(37.0336864, 127.1598279)"
평택제천선,음성~서충주,61012,음성,서충주,"(0, 0)","(36.9884683, 127.832222)"
평택제천선,청북~평택JCT,187298,청북,평택JCT,"(37.0397644, 126.934234)","(36.9921075, 127.1129451)"
평택제천선,충주JCT~노은JCT,45964,충주JCT,노은JCT,"(36.9910113, 127.9259497)","(0, 0)"
평택제천선,평택JCT~평택고덕,130930,평택JCT,평택고덕,"(36.9921075, 127.1129451)","(37.0233069, 127.0200954)"
평택제천선,평택고덕~송탄,116786,평택고덕,송탄,"(37.0233069, 127.0200954)","(37.0841853, 127.0514265)"
호남선,고서JCT~문흥,92654,고서JCT,문흥,"(0, 0)","(35.1886453, 126.9262485)"
호남선,곡성~옥과,71548,곡성,옥과,"(35.2819553, 127.2919175)","(0, 0)"
호남선,광산~북광산,81486,광산,북광산,"(36.2627927, 127.1555173)","(0, 0)"
호남선,금산사~김제,79442,금산사,김제,"(35.7228785, 127.0534179)","(35.8036079, 126.8808872)"
호남선,김제~서전주,84508,김제,서전주,"(35.8036079, 126.8808872)","(35.8167942, 127.1064632)"
호남선,내장산~정읍,71346,내장산,정읍,"(35.4797022, 126.8879786)","(35.5698855, 126.8558955)"
호남선,대덕JCT~창평,53522,대덕JCT,창평,"(0, 0)","(0, 0)"
호남선,동광주~용봉,177986,동광주,용봉,"(35.2077905, 126.9393818)","(0, 0)"
호남선,동림~산월,185016,동림,산월,"(0, 0)","(0, 0)"
호남선,문흥~동광주,115148,문흥,동광주,"(35.1886453, 126.9262485)","(35.2077905, 126.9393818)"
호남선,백양사~내장산,69216,백양사,내장산,"(35.43934369999999, 126.8831165)","(35.4797022, 126.8879786)"
호남선,북광산~장성,84742,북광산,장성,"(0, 0)","(35.3018333, 126.7848541)"
호남선,산월~광산,113380,산월,광산,"(0, 0)","(36.2627927, 127.1555173)"
호남선,삼례~익산JCT,103284,삼례,익산JCT,"(35.9093122, 127.0716446)","(35.9482858, 126.9575991)"
호남선,서광주~동림,233270,서광주,동림,"(35.125293, 126.84713)","(0, 0)"
호남선,서순천~승주,58184,서순천,승주,"(0, 0)","(35.0144092, 127.389868)"
호남선,서전주~전주,82308,서전주,전주,"(35.8167942, 127.1064632)","(35.8242238, 127.1479532)"
호남선,석곡~곡성,55742,석곡,곡성,"(0, 0)","(35.2819553, 127.2919175)"
호남선,승주~주암,65310,승주,주암,"(35.0144092, 127.389868)","(37.4476891, 127.0253879)"
호남선,옥과~대덕JCT,77128,옥과,대덕JCT,"(0, 0)","(0, 0)"
호남선,용봉~서광주,221136,용봉,서광주,"(0, 0)","(35.125293, 126.84713)"
호남선,익산JCT~익산,162494,익산JCT,익산,"(35.9482858, 126.9575991)","(35.9482858, 126.9575991)"
호남선,익산~논산JCT,154700,익산,논산JCT,"(35.9482858, 126.9575991)","(36.1870656, 127.0987453)"
호남선,장성JCT~백양사,72400,장성JCT,백양사,"(0, 0)","(35.43934369999999, 126.8831165)"
호남선,장성~장성JCT,84324,장성,장성JCT,"(35.3018333, 126.7848541)","(0, 0)"
호남선,전주~삼례,93694,전주,삼례,"(35.8242238, 127.1479532)","(35.9093122, 127.0716446)"
호남선,정읍~태인,77002,정읍,태인,"(35.5698855, 126.8558955)","(0, 0)"
호남선,주암~석곡,53222,주암,석곡,"(37.4476891, 127.0253879)","(0, 0)"
호남선,창평~고서JCT,62390,창평,고서JCT,"(0, 0)","(0, 0)"
호남선,태인~금산사,81326,태인,금산사,"(0, 0)","(35.7228785, 127.0534179)"
호남선의지선,계룡~서대전JCT,100520,계룡,서대전JCT,"(36.2745577, 127.2485896)","(36.322517, 127.403933)"
호남선의지선,논산JCT~논산,79632,논산JCT,논산,"(36.1870656, 127.0987453)","(36.1870656, 127.0987453)"
호남선의지선,논산~양촌하이패스,91922,논산,양촌하이패스,"(36.1870656, 127.0987453)","(0, 0)"
호남선의지선,북대전~회덕JCT,156502,북대전,회덕JCT,"(36.4129206, 127.3784346)","(0, 0)"
호남선의지선,서대전JCT~유성,107876,서대전JCT,유성,"(36.322517, 127.403933)","(0, 0)"
호남선의지선,양촌하이패스~계룡,89328,양촌하이패스,계룡,"(0, 0)","(36.2745577, 127.2485896)"
호남선의지선,유성JCT~북대전,131306,유성JCT,북대전,"(0, 0)","(36.4129206, 127.3784346)"
호남선의지선,유성~유성JCT,129270,유성,유성JCT,"(0, 0)","(0, 0)"
